{"cameraMode":{"drawMode":0,"name":"Shaded","section":"Shading Mode"},"sceneLighting":true,"audioPlay":false,"sceneViewState":{"m_AlwaysRefresh":false,"showFog":true,"showSkybox":true,"showFlares":true,"showImageEffects":true,"showParticleSystems":true,"showVisualEffectGraphs":true,"m_FxEnabled":true},"in2DMode":false,"pivot":{"x":13.955509185791016,"y":11.253955841064454,"z":-23.467796325683595},"rotation":{"x":0.19258300960063935,"y":-0.013250446878373623,"z":0.0025971452705562116,"w":0.9812004566192627},"size":1.9895083904266358,"orthographic":false}