{"cameraMode":{"drawMode":0,"name":"Shaded","section":"Shading Mode"},"sceneLighting":true,"audioPlay":false,"sceneViewState":{"m_AlwaysRefresh":false,"showFog":true,"showSkybox":true,"showFlares":true,"showImageEffects":true,"showParticleSystems":true,"showVisualEffectGraphs":true,"m_FxEnabled":true},"in2DMode":false,"pivot":{"x":10.949945449829102,"y":-1.4494118690490723,"z":16.54733657836914},"rotation":{"x":0.11256340146064758,"y":0.011921098455786705,"z":-0.001351423328742385,"w":0.9935870170593262},"size":14.420451164245606,"orthographic":false}